date,open_1day,high_1day,low_1day,close_1day,volume_1day,eqy_float,turnover_1day,open_1min,high_1min,low_1min,close_1min,volume_1min,turnover_1min,volume_proportion
2022/1/3,152.59,158.2749,151.1041,157.85,687231,134.288,0.0051,157.77,157.93,157.67,157.85,8939,0.0001,0.013007271
2022/1/4,157,157.49,151.56,152.67,637609,134.288,0.0047,152.855,152.925,152.64,152.67,150401,0.0011,0.235882806
2022/1/5,151.71,153.59,145.38,145.65,772906,134.288,0.0058,145.675,145.72,145.38,145.65,226905,0.0017,0.293573863
2022/1/6,144.93,147.79,141.65,144.82,730517,134.296,0.0054,144.87,145,144.62,144.82,158369,0.0012,0.216790301
2022/1/7,144.23,147.85,143.37,143.72,677537,134.296,0.005,143.76,143.89,143.52,143.72,128295,0.001,0.189354972
2022/1/10,144.04,145.77,137.38,145.08,1059935,134.296,0.0079,145.56,145.57,145.08,145.08,103329,0.0008,0.097486167
2022/1/11,146.2,146.2,142.1,144.37,585974,134.296,0.0044,144.04,144.37,144,144.37,91144,0.0007,0.155542737
2022/1/12,144.4,145.13,140.14,141.03,580783,134.296,0.0043,140.76,141.03,140.75,141.03,102712,0.0008,0.176850906
2022/1/13,140,140.835,134.06,136.79,1080856,134.296,0.008,136.745,136.87,136.65,136.79,123205,0.0009,0.113988357
2022/1/14,136.07,137.75,133.58,137.09,811330,134.296,0.006,137.14,137.24,137,137.19,6686,0,0.00824079
2022/1/18,133.44,134.63,129.61,130.29,1363837,134.296,0.0102,130.29,130.37,130.115,130.29,39617,0.0003,0.029048193
2022/1/19,130.84,133.18,129.675,132.55,799055,134.296,0.0059,132.66,132.66,132.52,132.55,98144,0.0007,0.122825087
2022/1/20,134.34,137.37,132.29,133.06,987722,134.296,0.0074,132.49,133.17,132.435,133.06,100334,0.0007,0.101581214
2022/1/21,132.66,133.28,127.37,127.55,1224500,134.29,0.0091,127.98,128.01,127.37,127.55,214811,0.0016,0.175427521
2022/1/24,128.04,130.13,123.5,129.55,1028649,134.29,0.0077,129.8,129.81,129.28,129.52,22946,0.0002,0.022306929
2022/1/25,126.24,128.25,124.2,125.1,987239,134.29,0.0074,125.17,125.27,125.07,125.1,136270,0.001,0.138031419
2022/1/26,125.73,128,121.83,123.55,1102043,134.29,0.0082,123.6,123.67,123.4,123.55,168290,0.0013,0.15270729
2022/1/27,124.61,126.86,122.63,122.91,531378,134.29,0.004,122.82,123.15,122.68,122.91,69832,0.0005,0.131416807
2022/1/28,123.08,127.8,120.99,127.62,713048,134.29,0.0053,127.59,127.7,127.53,127.62,147682,0.0011,0.207113687
2022/1/31,130.23,135.46,129.45,134.51,1159091,134.29,0.0086,134.35,134.53,134.32,134.51,206470,0.0015,0.178130966
2022/2/1,135.41,137.88,133.55,137.75,1102847,134.29,0.0082,137.69,137.78,137.44,137.75,157642,0.0012,0.142940952
2022/2/2,137.58,138.35,135.13,137.195,607298,134.29,0.0045,137.06,137.3,137.05,137.195,104178,0.0008,0.17154346
2022/2/3,136.14,138.67,134.63,135.04,888449,134.29,0.0066,135.29,135.35,135.05,135.07,23786,0.0002,0.026772499
2022/2/4,133.35,139,133.35,137.93,997235,134.29,0.0074,138.05,138.12,137.81,137.81,17154,0.0001,0.017201562
2022/2/7,137.29,141.789,137.03,140.79,1222085,134.292,0.0091,140.75,141.11,140.66,140.85,32506,0.0002,0.026598805
2022/2/8,139.81,141.19,136.477,139.99,1819681,134.292,0.0136,140.02,140.06,139.98,139.99,22631,0.0002,0.012436795
2022/2/9,141.71,143.42,139.65,141.41,1608295,135.062,0.0119,140.98,141.41,140.97,141.41,24822,0.0002,0.015433736
2022/2/10,122.275,125.12,118,124.93,9216231,135.062,0.0682,124.26,125.12,124.22,124.955,344189,0.0025,0.037345961
2022/2/11,123.34,127.065,121.2,125.37,2098333,135.062,0.0155,125.5,125.51,125.36,125.37,45103,0.0003,0.021494682
2022/2/14,124.75,125.765,121.48,124.51,1528202,135.062,0.0113,124.59,124.71,124.51,124.51,140379,0.001,0.09185893
2022/2/15,126.55,129.12,125.88,128.72,959973,135.062,0.0071,128.64,128.76,128.54,128.72,133691,0.001,0.139265375
2022/2/16,127.08,129.47,125.26,128.67,871276,135.186,0.0064,129.11,129.11,128.64,128.67,112204,0.0008,0.128781236
2022/2/17,128,128.25,123.8,124.16,735831,135.186,0.0054,124.25,124.28,124.14,124.16,140696,0.001,0.191206948
2022/2/18,123.96,126.5,119.89,120.26,1459363,135.186,0.0108,120.32,120.38,120.26,120.26,161740,0.0012,0.110829177
2022/2/22,119.65,124.82,119.29,123.44,1006911,135.186,0.0074,123.51,123.59,123.43,123.48,17396,0.0001,0.017276601
2022/2/23,124.53,124.53,118.91,119.61,908793,135.186,0.0067,119.905,119.91,119.61,119.61,40367,0.0003,0.044418256
2022/2/24,117.7,126.48,117.46,126.27,917931,135.186,0.0068,126.02,126.415,125.955,126.18,17932,0.0001,0.019535237
2022/2/25,126.01,128.61,125.09,128.38,923866,135.186,0.0068,128.4,128.42,128.27,128.38,119296,0.0009,0.129126951
2022/2/28,127.81,130.67,125.65,128.87,1127218,135.186,0.0083,129.08,129.1,128.76,128.87,253270,0.0019,0.224685908
2022/3/1,128.29,131.155,127.225,129.46,1198740,135.186,0.0089,129.48,129.54,129.46,129.46,120879,0.0009,0.10083838
2022/3/2,129.11,129.52,125.6894,126.68,665752,135.186,0.0049,126.58,126.74,126.55,126.68,151672,0.0011,0.22782057
2022/3/3,127.66,128.42,126.33,126.84,703915,135.186,0.0052,126.77,126.99,126.71,126.84,129247,0.001,0.183611658
2022/3/4,125.77,132.49,125.62,131.99,926243,135.161,0.0069,131.72,132,131.72,131.99,119372,0.0009,0.128877627
2022/3/7,132.3,136.477,131.94,134.39,1361582,135.161,0.0101,134.5,134.63,134.37,134.53,28455,0.0002,0.020898484
2022/3/8,132.76,140.295,132.67,137.23,1396866,135.161,0.0103,137.36,137.37,137.12,137.23,114492,0.0008,0.081963481
2022/3/9,138.29,141.22,136.84,140.46,986096,135.161,0.0073,140.3,140.48,140.3,140.46,19330,0.0001,0.019602554
2022/3/10,137.69,142.045,137.26,140.83,820110,134.956,0.0061,140.97,141.02,140.8,140.83,92698,0.0007,0.113031179
2022/3/11,142.33,143.94,137.16,137.97,754717,134.956,0.0056,138.09,138.18,137.97,137.97,150901,0.0011,0.19994382
2022/3/14,136.9,139.33,136.63,136.86,910460,134.956,0.0067,137.21,137.23,136.73,136.86,159452,0.0012,0.175133449
2022/3/15,137.3,138.73,135.83,137.6,902936,134.956,0.0067,137.5,137.63,137.47,137.6,151111,0.0011,0.167355161
2022/3/16,139.77,141.94,136.385,141.74,924063,134.956,0.0068,141.21,141.94,141.2,141.74,143876,0.0011,0.155699341
2022/3/17,142.35,143.96,141.3,142.93,888672,134.956,0.0066,142.64,143.11,142.615,143.02,41768,0.0003,0.047000468
2022/3/18,142.62,145.57,140.87,142.81,1711085,134.956,0.0127,142.75,142.945,142.75,142.86,31947,0.0002,0.01867061
2022/3/21,141.11,143.32,140.165,141.55,867982,134.956,0.0064,141.59,141.68,141.39,141.55,191283,0.0014,0.22037669
2022/3/22,140.6,144.35,139.4,142.93,754030,134.956,0.0056,142.81,142.95,142.72,142.93,121163,0.0009,0.160687241
2022/3/23,142.55,143.09,138.59,138.73,739869,134.956,0.0055,138.66,138.82,138.59,138.73,31829,0.0002,0.043019778
2022/3/24,139.97,141.57,137.64,141.27,1160563,134.956,0.0086,141.42,141.57,141.27,141.27,118229,0.0009,0.101872109
2022/3/25,142.55,142.55,136.9256,138.33,578716,134.956,0.0043,138.3,138.44,138.28,138.33,105722,0.0008,0.182683734
2022/3/28,138.12,139.83,137.33,139.7,1135486,134.956,0.0084,139.6,139.8,139.58,139.8,35499,0.0003,0.031263265
2022/3/29,141.35,143.66,140.1991,143.17,719867,134.956,0.0053,143.04,143.17,142.9,143.17,93473,0.0007,0.129847597
2022/3/30,143.61,143.64,141.11,141.56,672677,134.956,0.005,141.53,141.6,141.22,141.43,24301,0.0002,0.036125808
2022/3/31,142.24,145.09,140.86,144.05,594223,135.254,0.0044,144.124,144.19,144.005,144.15,15561,0.0001,0.026187138
2022/4/1,144.26,148.94,142.52,148.89,825961,135.254,0.0061,148.72,148.94,148.72,148.89,194493,0.0014,0.235474798
2022/4/4,149.7,151.3,148.28,149.91,594979,135.254,0.0044,149.91,150,149.83,149.91,86034,0.0006,0.144600062
2022/4/5,150.66,154.6,149.89,150.79,741194,135.254,0.0055,150.82,150.91,150.77,150.79,128955,0.001,0.17398279
2022/4/6,149.77,153.86,149.525,151.9,705027,135.254,0.0052,152.15,152.163,151.84,151.86,19237,0.0001,0.02728548
2022/4/7,150.9,158.38,150.7,156.12,1215288,135.254,0.009,155.905,156.23,155.89,156.12,171707,0.0013,0.141289143
2022/4/8,149.55,159.5456,147,151.84,2975922,135.254,0.022,151.475,151.9,151.46,151.84,160240,0.0012,0.053845497
2022/4/11,150.31,150.8626,144.0175,144.29,1110146,135.254,0.0082,144.4,144.44,144.25,144.29,34479,0.0003,0.031058077
2022/4/12,145.81,146.92,142.1,142.23,1239210,135.254,0.0092,142.265,142.4,142.21,142.3,28646,0.0002,0.02311634
2022/4/13,143.08,148.01,142.34,147.44,772536,135.254,0.0057,147.66,147.7,147.31,147.37,18204,0.0001,0.02356395
2022/4/14,147.44,150.42,146.9,149.72,842484,135.254,0.0062,149.65,149.8,149.64,149.76,22091,0.0002,0.026221269
2022/4/18,149.56,149.89,143.64,144.39,465390,135.254,0.0034,144.29,144.51,144.18,144.39,95444,0.0007,0.205083908
2022/4/19,143.09,146.56,143,144.29,436045,135.254,0.0032,144.34,144.375,144.17,144.29,124049,0.0009,0.284486693
2022/4/20,145.07,145.1531,142.67,143.89,475437,135.254,0.0035,143.895,143.99,143.75,143.93,15794,0.0001,0.033219964
2022/4/21,143.8,146.06,141.08,141.44,546922,135.254,0.004,141.53,141.56,141.43,141.44,95666,0.0007,0.174917081
2022/4/22,140.89,142.11,137.66,138,709241,135.254,0.0052,137.88,138.05,137.66,138,110194,0.0008,0.155368908
2022/4/25,137.61,139.54,136.7056,138.54,989021,135.259,0.0073,138.46,138.55,138.3,138.54,218497,0.0016,0.220922508
2022/4/26,138.13,139.45,131.44,131.59,986008,135.259,0.0073,131.62,131.67,131.44,131.56,40539,0.0003,0.041114271
2022/4/27,132.12,134.18,130.33,130.44,1127148,135.259,0.0083,130.46,130.61,130.33,130.44,114274,0.0008,0.101383314
2022/4/28,130.54,130.92,125.25,130.23,1624478,135.515,0.012,129.93,130.25,129.86,130.23,124057,0.0009,0.076367301
2022/4/29,136.32,137.005,130.195,131.01,1553423,135.515,0.0115,131.18,131.26,131,131.01,338487,0.0025,0.217897508
2022/5/2,130.39,131.66,126.96,130.45,1009689,135.515,0.0075,130.55,130.59,130.37,130.45,10744,0.0001,0.0106409
2022/5/3,130.17,133.3,130.15,131.51,566657,135.515,0.0042,131.44,131.71,131.44,131.6,14269,0.0001,0.025181018
2022/5/4,131.01,133.39,127.575,132.65,1159024,135.515,0.0086,132.65,132.74,132.53,132.65,207834,0.0015,0.179318116
2022/5/5,132.4,133.69,127.06,128.69,784773,135.515,0.0058,128.53,128.86,128.52,128.69,262109,0.0019,0.333993397
2022/5/6,126.79,127.99,122.38,123.44,804068,135.515,0.0059,123.48,123.53,123.27,123.44,95264,0.0007,0.118477542
2022/5/9,120.46,120.8,105.43,108.81,2622704,135.515,0.0194,108.485,109.07,108.23,108.81,332960,0.0025,0.126952946
2022/5/10,114.34,124.08,114.26,120.48,2124938,135.515,0.0157,120.47,120.51,120.4,120.48,156285,0.0012,0.073548028
2022/5/11,118.15,123.04,116.3,119.45,2179666,135.515,0.0161,119.39,119.6,119.23,119.46,52819,0.0004,0.024232612
2022/5/12,118.61,127.27,118.27,127.1,1540704,135.515,0.0114,127.14,127.27,127.01,127.1,154781,0.0011,0.100461218
2022/5/13,129.25,136.83,129.2,135.63,1657662,135.515,0.0122,135.45,135.65,135.42,135.63,192825,0.0014,0.116323472
2022/5/16,134.18,146.67,134.14,142.54,2010624,135.515,0.0148,142.24,142.55,142.215,142.54,179650,0.0013,0.089350371
2022/5/17,143.79,147.41,142.6,146.55,1013412,135.559,0.0075,146.49,146.63,146.405,146.55,136161,0.001,0.134358977
2022/5/18,143.71,145.14,141.99,143,1103280,135.55,0.0081,143,143.07,142.94,143,216823,0.0016,0.196525814
2022/5/19,143.37,145.19,139.84,142.63,1023453,135.55,0.0076,142.71,142.78,142.49,142.7,20977,0.0002,0.0204963
2022/5/20,144.2,144.46,136.11,139.64,1692560,135.55,0.0125,139.56,139.78,139.5,139.64,147228,0.0011,0.086985395
2022/5/23,141.92,142.07,137.72,139.34,711413,135.55,0.0052,139.3,139.45,139.28,139.34,83918,0.0006,0.11795961
2022/5/24,138.74,138.74,132.09,133.47,1069102,135.55,0.0079,133.24,133.5,133.2,133.47,112841,0.0008,0.105547459
2022/5/25,133.85,137.11,133.005,136.47,1199271,135.55,0.0088,136.19,136.47,136.18,136.47,97098,0.0007,0.080964186
2022/5/26,137.34,139.44,135.71,138.46,1285022,135.55,0.0095,138.815,138.85,138.405,138.46,243284,0.0018,0.189322829
2022/5/27,139.04,143.12,136.93,141.39,1032520,135.55,0.0076,141.26,141.41,141.1,141.39,144912,0.0011,0.140347887
2022/5/31,141.06,141.06,135.2,135.68,1561167,135.55,0.0115,135.73,135.73,135.5,135.62,57478,0.0004,0.03681733
2022/6/1,137.05,138.35,132.98,134.16,784727,135.55,0.0058,134.37,134.44,134.09,134.16,112933,0.0008,0.143913743
2022/6/2,132.92,135.28,132.46,135.2,715194,135.55,0.0053,135.2,135.26,135.16,135.23,11773,0.0001,0.016461268
2022/6/3,134.87,141.12,134.6925,139.94,1320130,135.55,0.0097,139.92,139.97,139.78,139.94,24383,0.0002,0.018470151
2022/6/6,142.41,143.44,140.66,142.52,975235,135.55,0.0072,142.31,142.6,142.26,142.52,114024,0.0008,0.116919512
2022/6/7,142.66,146.17,142.265,144.36,835381,135.55,0.0062,144.56,144.56,144.3,144.36,129316,0.001,0.154798828
2022/6/8,144.22,146.13,143.06,144.29,725667,135.55,0.0054,144.56,144.6,144.17,144.29,94944,0.0007,0.130836871
2022/6/9,143.26,145.38,141.67,141.75,579993,135.55,0.0043,141.86,141.91,141.735,141.75,96421,0.0007,0.16624511
2022/6/10,139.46,141.73,138.415,139.4,706950,135.55,0.0052,139.52,139.54,139.37,139.4,131693,0.001,0.18628333
2022/6/13,136.09,141.225,133.95,139.6,2126151,135.55,0.0157,139.6,139.71,139.56,139.6,306022,0.0023,0.143932392
2022/6/14,141,144.98,140.73,144.64,1472894,135.55,0.0109,144.29,144.82,144.23,144.64,197660,0.0015,0.134198388
2022/6/15,144.92,150,144.905,147.24,1344186,135.55,0.0099,147.28,147.4,147.24,147.28,24891,0.0002,0.018517527
2022/6/16,144.12,147.32,143.24,146.78,1292405,135.55,0.0095,146.96,146.985,146.56,146.78,238911,0.0018,0.184857688
2022/6/17,148.06,175.48,148.06,165.45,10255777,135.55,0.0757,165.45,165.77,165.43,165.45,132020,0.001,0.012872745
2022/6/21,167.68,174.97,166.985,170.01,2440121,135.55,0.018,170,170.08,169.91,170.01,234972,0.0017,0.096295225
2022/6/22,168.74,173.86,168.0974,169.66,1765857,135.55,0.013,169.78,169.995,169.58,169.66,179626,0.0013,0.101721714
2022/6/23,170.82,174.93,169.49,174,1832095,135.55,0.0135,174.2,174.24,174,174,146919,0.0011,0.080191802
2022/6/24,179.74,179.96,173.54,179.33,3586465,135.55,0.0265,179.605,179.64,179.02,179.33,55532,0.0004,0.01548377
2022/6/27,178.78,179.065,174.47,177.73,1192439,135.55,0.0088,177.49,177.8,177.41,177.73,16933,0.0001,0.014200307
2022/6/28,176.44,181.1,175.61,178.47,1468981,135.55,0.0108,178.805,178.805,178.43,178.47,157203,0.0012,0.107014999
2022/6/29,181.1,181.5,177.96,179.06,1150018,135.55,0.0085,179.23,179.27,179.05,179.06,113721,0.0008,0.098886278
2022/6/30,178.5,181,175.46,176.94,1232598,135.55,0.0091,176.68,177.05,176.67,176.94,34071,0.0003,0.027641616
2022/7/1,174.82,180.5,174.52,180.11,958533,135.565,0.0071,180.2,180.3,179.91,180.11,133497,0.001,0.1392722
2022/7/5,179.46,180.11,174.42,176.77,1340506,135.565,0.0099,176.74,176.95,176.68,176.77,132354,0.001,0.098734359
2022/7/6,175.63,179,174.5,175.13,1058562,135.565,0.0078,175.09,175.32,175.03,175.13,202601,0.0015,0.191392663
2022/7/7,180.78,183,175.19,177.95,3603772,135.565,0.0266,178.11,178.14,177.79,177.95,153706,0.0011,0.042651422
2022/7/8,177.19,178.94,176.11,177.45,1230065,135.566,0.0091,177.79,177.81,177.33,177.45,201256,0.0015,0.163614118
2022/7/11,176.95,178.63,175.07,177.31,1190421,135.566,0.0088,176.96,177.31,176.91,177.31,244221,0.0018,0.205155151
2022/7/12,177.34,179.1,173.45,179,1208059,135.566,0.0089,178.38,179.1,178.365,179,151848,0.0011,0.125695848
2022/7/13,176.38,179.66,175.87,177.44,984686,135.566,0.0073,177.83,177.872,177.42,177.44,83120,0.0006,0.084412696
2022/7/14,176.79,179.6,175.77,176.19,870681,135.566,0.0064,175.93,176.36,175.865,176.19,120195,0.0009,0.138047115
2022/7/15,176.05,179.34,174.1485,178.71,1400144,135.566,0.0103,178.41,178.81,178.4,178.71,233463,0.0017,0.166742135
2022/7/18,172,173.355,167.51,168.47,2272373,135.566,0.0168,168.62,168.71,168.47,168.47,171541,0.0013,0.075489807
2022/7/19,169.84,173.62,169.7,172.83,943025,135.566,0.007,172.66,172.96,172.655,172.83,165750,0.0012,0.175764163
2022/7/20,172.5,174.45,170.47,172.62,636951,135.566,0.0047,172.65,172.72,172.37,172.62,118005,0.0009,0.185265429
2022/7/21,171.99,173.94,170.02,173.16,674766,135.566,0.005,172.88,173.16,172.79,173.16,119069,0.0009,0.176459691
2022/7/22,174.02,176,170.46,171.62,598439,135.566,0.0044,171.59,171.71,171.551,171.62,108383,0.0008,0.18110952
2022/7/25,172.18,173.46,171.01,172.84,422353,135.566,0.0031,172.65,172.95,172.62,172.84,86177,0.0006,0.204040222
2022/7/26,174.14,181.75,174.14,177.51,1637879,135.566,0.0121,177.47,177.66,177.34,177.48,21440,0.0002,0.0130901
2022/7/27,176.45,178.34,174.79,176.8,791764,135.566,0.0058,176.92,177,176.66,176.8,178178,0.0013,0.225039279
2022/7/28,176.77,178.28,174.14,177.43,550876,135.926,0.0041,177.09,177.46,177.09,177.43,93915,0.0007,0.170483013
2022/7/29,174.39,180.32,173.7073,179.98,1190186,135.926,0.0088,179.91,180,179.84,179.979,25970,0.0002,0.021820119
2022/8/1,179.97,180.255,174.12,175.47,896883,135.926,0.0066,175.155,175.56,175.155,175.47,121128,0.0009,0.135054405
2022/8/2,174.7,177.55,173.73,176.72,663819,135.926,0.0049,176.74,176.825,176.63,176.65,16297,0.0001,0.024550367
2022/8/3,177.98,181.475,174.69,174.99,804934,135.926,0.0059,175.04,175.13,174.852,174.99,100705,0.0007,0.125109636
2022/8/4,175.99,178,175.32,175.86,477919,135.926,0.0035,175.855,175.94,175.32,175.86,83333,0.0006,0.174366368
2022/8/5,173.83,177.505,173.1,175.81,708862,135.926,0.0052,176.13,176.18,175.27,175.81,119751,0.0009,0.168934151
2022/8/8,176.56,181,176.56,178.33,1059924,135.926,0.0078,178.41,178.44,178.14,178.33,120804,0.0009,0.113974209
2022/8/9,177.2,178.38,175.1,175.6,642216,135.926,0.0047,175.85,175.87,175.58,175.6,73844,0.0005,0.114983121
2022/8/10,176.34,176.87,174.05,175.65,771905,135.926,0.0057,175.69,175.75,175.4,175.66,21869,0.0002,0.028331207
2022/8/11,175.48,178.15,172.43,174.04,649062,135.926,0.0048,173.83,174.25,173.8,174.04,114637,0.0008,0.176619491
2022/8/12,174,176.03,164.81,170.14,2794828,135.926,0.0206,170.73,170.78,170.05,170.06,306840,0.0023,0.109788509
2022/8/15,170.14,170.67,164.91,168.53,1425598,135.926,0.0105,168.54,168.65,168.5,168.53,83935,0.0006,0.058877047
2022/8/16,171.2,172.59,167.8,170.52,1262677,135.926,0.0093,170.4,170.58,170.36,170.52,83448,0.0006,0.06608816
2022/8/17,170.26,173.365,168.33,170.79,777784,135.926,0.0057,170.92,171.08,170.74,170.79,14101,0.0001,0.018129712
2022/8/18,171,171.59,167.9,169.09,912430,135.837,0.0067,169.28,169.29,169,169.09,104660,0.0008,0.11470469
2022/8/19,168.45,171.92,167.88,171.67,1041438,135.837,0.0077,171.735,171.92,171.53,171.69,32772,0.0002,0.031468028
2022/8/22,170.76,171.26,166,166.36,951458,135.837,0.007,166.28,166.58,166.246,166.36,192941,0.0014,0.202784569
2022/8/23,166,166.822,161.53,163.56,1045925,135.837,0.0077,163.57,163.73,163.5,163.52,12909,0.0001,0.012342185
2022/8/24,163.56,165.65,162.52,164.12,688691,135.837,0.0051,164.25,164.25,163.92,164.12,110672,0.0008,0.160699065
2022/8/25,164.65,165.83,162.4701,164.37,627604,135.837,0.0046,164.18,164.53,164.18,164.38,22699,0.0002,0.036167711
2022/8/26,152.99,157.5899,147.93,155.01,4257426,135.837,0.0313,155,155.08,154.845,155.01,238326,0.0018,0.055978894
2022/8/29,151.93,159.47,151.36,157.37,1064723,135.837,0.0078,157.3,157.51,157.22,157.37,82730,0.0006,0.077700961
2022/8/30,157,157.65,155.1,155.71,684772,135.837,0.005,155.69,155.83,155.6,155.71,104539,0.0008,0.152662492
2022/8/31,155.85,156.55,152.93,154.29,1158401,135.837,0.0085,154.46,154.47,154.24,154.34,18314,0.0001,0.015809724
2022/9/1,153.24,156.22,150.95,155.96,649584,135.837,0.0048,156.1,156.22,155.85,155.96,17257,0.0001,0.026566233
2022/9/2,155.32,156.0101,151.59,152.34,686461,135.855,0.0051,152.21,152.44,152.18,152.34,130060,0.001,0.189464514
2022/9/6,151.61,151.67,148.02,149.02,970839,135.855,0.0071,148.8,149.19,148.73,149.02,146397,0.0011,0.150794313
2022/9/7,148.75,153.25,147.81,152.43,797766,135.855,0.0059,152.62,152.68,152.29,152.43,186290,0.0014,0.233514589
2022/9/8,152.85,154,150.63,152.64,512810,135.855,0.0038,152.5,152.66,152.4,152.64,85324,0.0006,0.166385211
2022/9/9,152.64,155.86,151.56,155.47,670202,135.855,0.0049,155.43,155.51,155.36,155.47,134664,0.001,0.200930466
2022/9/12,155.66,155.66,149.74,150.1,966904,135.855,0.0071,150.05,150.12,149.92,150.1,144993,0.0011,0.149955942
2022/9/13,147.75,149.055,144.07,144.43,1240917,135.855,0.0091,144.555,144.6,144.25,144.43,259856,0.0019,0.209406431
2022/9/14,144.43,145.07,141.52,143.67,1043578,135.855,0.0077,143.62,143.93,143.6,143.77,17331,0.0001,0.016607288
2022/9/15,142.78,143.17,139.85,141.31,876254,135.855,0.0064,141.46,141.53,141.31,141.31,137121,0.001,0.156485448
2022/9/16,139.09,142.46,138.205,142.03,1517075,135.855,0.0112,142.045,142.3,142.02,142.08,49604,0.0004,0.032697131
2022/9/19,141.97,143.26,137.84,139.42,1369560,135.855,0.0101,139.35,139.47,139.21,139.42,190459,0.0014,0.139065831
2022/9/20,139.58,142.23,138.935,141.99,954076,135.855,0.007,141.94,142.19,141.89,141.99,193047,0.0014,0.202339227
2022/9/21,142.61,146.26,140.61,141.55,1088908,135.855,0.008,141.55,141.66,141.51,141.55,111143,0.0008,0.102068311
2022/9/22,140.6,141.51,139.1,140.55,972721,135.855,0.0072,140.44,140.55,140.345,140.55,176763,0.0013,0.181720144
2022/9/23,140.05,140.73,137.8678,139.2,949653,135.855,0.007,139.12,139.35,139.12,139.2,144657,0.0011,0.152326165
2022/9/26,139.32,139.95,135.14,135.27,972805,135.855,0.0072,135.425,135.43,135.14,135.31,28208,0.0002,0.028996561
2022/9/27,136.8,138.42,134.96,135.35,800358,135.855,0.0059,135.395,135.47,135.33,135.35,133693,0.001,0.167041499
2022/9/28,138.06,138.415,136.18,137.72,986523,135.855,0.0073,137.74,137.8,137.64,137.72,161490,0.0012,0.163696133
2022/9/29,137.13,137.13,134.44,135.7,782140,135.855,0.0058,135.72,135.8,135.64,135.7,146635,0.0011,0.187479224
2022/9/30,136.45,138.35,135.9,136.83,896946,135.855,0.0066,137,137.09,136.82,136.83,205243,0.0015,0.228824255
2022/10/3,137.18,138.475,135.52,137.7,1068908,135.855,0.0079,137.68,137.7,137.64,137.68,14248,0.0001,0.013329491
2022/10/4,138.53,139.99,137.65,139.17,820165,135.855,0.006,139.03,139.31,138.98,139.17,159528,0.0012,0.194507203
2022/10/5,137.93,138.24,134.735,136.87,909654,135.855,0.0067,136.94,137.04,136.73,136.87,145011,0.0011,0.159413359
2022/10/6,136.92,137.837,135.48,136.28,628190,135.855,0.0046,136.21,136.28,136.09,136.28,169408,0.0012,0.269676372
2022/10/7,135.24,135.25,131.02,131.26,883128,135.855,0.0065,131.235,131.43,131.2,131.27,27149,0.0002,0.030741863
2022/10/10,131.59,133.38,130.32,130.95,516431,135.855,0.0038,131.04,131.15,130.79,130.95,144573,0.0011,0.279946401
2022/10/11,133.41,135.5,131.74,133.18,961639,135.855,0.0071,133.205,133.28,133.15,133.2,13727,0.0001,0.014274587
2022/10/12,133.52,134.99,131.3,133.29,567986,135.855,0.0042,133.32,133.36,133.25,133.29,74530,0.0005,0.131218023
2022/10/13,130.48,134.88,129.65,133.53,740287,135.855,0.0054,133.61,133.75,133.45,133.53,108257,0.0008,0.146236527
2022/10/14,134.94,135.53,132.38,133.4,691676,135.855,0.0051,133.35,133.51,133.26,133.4,130195,0.001,0.188231195
2022/10/17,133.94,137.49,133.83,135.99,770486,135.855,0.0057,135.94,136.05,135.85,135.99,175270,0.0013,0.227479798
2022/10/18,136.75,138.95,133.97,134.84,539624,135.855,0.004,134.49,134.89,134.49,134.84,71209,0.0005,0.131960402
2022/10/19,132.95,134.595,129.18,129.83,644612,135.855,0.0047,129.69,129.83,129.65,129.83,130534,0.001,0.202500109
2022/10/20,128.64,130.11,126.56,126.7,1319379,135.855,0.0097,126.765,126.81,126.56,126.7,305837,0.0023,0.23180375
2022/10/21,126.8,129.37,124.85,128.84,1319262,135.855,0.0097,128.86,128.94,128.7,128.84,226702,0.0017,0.171840014
2022/10/24,129.08,129.17,126.55,129.06,815863,135.855,0.006,128.99,129.09,128.94,129.06,121649,0.0009,0.14910469
2022/10/25,129.57,131.51,128.65,128.77,787312,135.855,0.0058,128.76,128.79,128.67,128.77,154922,0.0011,0.196773325
2022/10/26,129.52,131.7999,127.16,129.46,1289612,135.855,0.0095,129.4,129.54,129.33,129.46,168318,0.0012,0.130518326
2022/10/27,129.86,132.635,128.58,131.25,1660503,137.084,0.0121,131.15,131.46,131.05,131.25,215363,0.0016,0.129697447
2022/10/28,129.5,131.315,125,129.69,1650426,137.084,0.012,129.71,129.83,129.525,129.69,217544,0.0016,0.131810817
2022/10/31,129.29,130.5,126.29,127.16,1219352,137.084,0.0089,127.11,127.29,126.92,127.16,178277,0.0013,0.146206346
2022/11/1,126.85,128.37,124.57,126.69,919854,137.084,0.0067,126.61,126.82,126.56,126.69,119435,0.0009,0.129841257
2022/11/2,126.7,132.4,126.105,129.1,1559075,137.084,0.0114,129.28,129.31,128.99,129.1,154814,0.0011,0.099298623
2022/11/3,127.23,129.12,126.23,127.8,734114,137.084,0.0054,127.915,128.1,127.74,127.8,141730,0.001,0.193062658
2022/11/4,129.21,129.81,126.3,127.22,888973,137.084,0.0065,127.19,127.38,127.15,127.22,248934,0.0018,0.280024253
2022/11/7,127.32,129.95,126.1,129.79,984658,137.084,0.0072,129.555,129.95,129.53,129.79,227224,0.0017,0.230764387
2022/11/8,129.99,135.82,129.715,131.54,1230442,137.084,0.009,131.575,131.64,131.41,131.54,140235,0.001,0.11397124
2022/11/9,131.74,139.17,131.2808,137.96,1195206,137.084,0.0087,138.03,138.15,137.955,137.96,212943,0.0016,0.178164266
2022/11/10,135.63,135.76,127.66,131.06,2131000,137.084,0.0155,131.03,131.16,131,131,28502,0.0002,0.013374941
2022/11/11,131.05,133.05,128.44,132.91,1215746,137.084,0.0089,132.585,133.02,132.47,132.87,63133,0.0005,0.051929433
2022/11/14,132.25,134.4839,129.89,130.95,693167,137.084,0.0051,130.98,131.05,130.84,130.95,91032,0.0007,0.13132766
2022/11/15,133.42,134.43,131.275,133.74,755301,136.976,0.0055,133.4,133.74,133.4,133.74,16093,0.0001,0.021306737
2022/11/16,133.5,134.02,130.87,131.56,631580,136.983,0.0046,131.84,131.845,131.55,131.55,13594,0.0001,0.021523797
2022/11/17,131.56,132.33,130.2,131.53,480164,137.125,0.0035,131.55,131.61,131.43,131.53,88053,0.0006,0.183381095
2022/11/18,131.53,132.66,130.9,131.76,588686,137.125,0.0043,131.66,131.81,131.56,131.76,94575,0.0007,0.160654407
2022/11/21,131.38,131.72,123.41,123.48,817511,137.125,0.006,123.595,123.62,123.41,123.48,117150,0.0009,0.143300824
2022/11/22,123.35,124.75,121.1901,124.53,799859,137.125,0.0058,124.665,124.75,124.48,124.53,94584,0.0007,0.118250842
2022/11/23,124.9,125.95,123.51,123.96,460733,137.125,0.0034,123.74,124.01,123.68,123.96,76621,0.0006,0.166302392
2022/11/25,123.23,125.04,123.02,123.44,270294,137.125,0.002,,,,,,0,0
2022/11/28,124.14,125.1,121.02,121.22,866580,137.125,0.0063,121.21,121.29,121.07,121.22,27602,0.0002,0.031851647
2022/11/29,121.28,121.595,116.92,117.37,939697,137.125,0.0069,117.38,117.5,117.265,117.37,117045,0.0009,0.124556107
2022/11/30,118.3,122.045,117.59,121.39,1872804,137.125,0.0137,121.27,121.44,121.27,121.39,431229,0.0031,0.230258479
2022/12/1,121.47,122.76,120.11,121.02,730210,137.125,0.0053,121,121.08,120.96,121.02,146962,0.0011,0.201259912
2022/12/2,120.41,122.84,120.12,122.41,723087,137.125,0.0053,122.47,122.55,122.4,122.5,12764,0.0001,0.017652094
2022/12/5,121.87,122.83,120.46,121.22,614529,137.125,0.0045,121.11,121.31,121.08,121.21,7348,0.0001,0.011957125
2022/12/6,120.62,120.76,116.08,117.91,764764,137.125,0.0056,117.92,118.09,117.88,117.91,115551,0.0008,0.151093671
2022/12/7,118.01,119.79,117.09,119.36,483037,137.125,0.0035,119.34,119.41,119.16,119.36,96118,0.0007,0.198986827
2022/12/8,119.42,125.57,117.58,125.24,1520816,137.125,0.0111,125.17,125.49,125.07,125.24,468350,0.0034,0.307959674
2022/12/9,125.24,125.66,122.66,124,898284,137.125,0.0066,124,124.13,123.98,124.02,16829,0.0001,0.01873461
2022/12/12,124.85,132.58,124.83,131.84,1581765,137.125,0.0115,131.74,131.9,131.69,131.84,144826,0.0011,0.091559745
2022/12/13,133.31,134.63,130.64,134.06,1478809,137.125,0.0108,134.14,134.235,133.98,134.06,159947,0.0012,0.108159336
2022/12/14,133.55,135.2,131.17,132.05,1073239,137.125,0.0078,132.01,132.06,132,132.05,147698,0.0011,0.137618927
2022/12/15,132.19,133.45,127.42,128.41,1307282,137.116,0.0095,128.29,128.52,128.17,128.4,53919,0.0004,0.041245118
2022/12/16,127.78,130.23,125.98,129.61,1565993,137.116,0.0114,129.68,129.72,129.46,129.56,34270,0.0002,0.021883878
2022/12/19,129.37,129.37,125.4,127.63,696519,137.116,0.0051,127.56,127.71,127.485,127.63,122542,0.0009,0.175934899
2022/12/20,127.63,133.46,126.92,133.02,915453,137.116,0.0067,133.065,133.14,132.98,133.02,178882,0.0013,0.195402713
2022/12/21,133.65,133.65,131.38,132.32,1191157,137.116,0.0087,132.37,132.39,132.21,132.32,312082,0.0023,0.261999048
2022/12/22,131.8,132.31,129.75,130.36,624724,137.117,0.0046,130.23,130.45,130.14,130.45,26007,0.0002,0.041629584
2022/12/23,130.65,131.235,126.55,127.02,629264,137.117,0.0046,127.02,127.14,126.92,127.02,62431,0.0005,0.099212731
2022/12/27,127.57,128.09,124.5,125.01,573009,137.117,0.0042,124.96,125.1,124.87,125.01,83627,0.0006,0.145943606
2022/12/28,124.52,126.18,123.77,125.14,364561,137.117,0.0027,125.18,125.21,125.14,125.14,89841,0.0007,0.246436125
2022/12/29,125.45,128.98,124.71,128.37,709686,137.117,0.0052,128.58,128.61,128.34,128.37,123317,0.0009,0.173762763
2022/12/30,127.69,128.71,125.08,128.51,698695,137.117,0.0051,128.61,128.66,128.51,128.51,175018,0.0013,0.250492704
2023/1/3,129.59,130.725,127.66,128.7,550182,137.117,0.004,128.78,128.78,128.67,128.77,9437,0.0001,0.017152506
2023/1/4,129.23,135,128.25,134.9,692682,137.117,0.0051,134.83,135,134.78,134.9,131706,0.001,0.190139198
2023/1/5,133.28,136.9762,132.82,135.9,1084478,137.117,0.0079,135.97,135.99,135.84,135.9,26986,0.0002,0.024883861
2023/1/6,136.59,137.54,135.35,136.17,1006689,137.117,0.0073,136.15,136.185,135.97,136.17,139917,0.001,0.138987314
2023/1/9,136.79,136.79,126.96,127.59,1402170,137.117,0.0102,127.598,127.67,127.54,127.59,261215,0.0019,0.186293388
2023/1/10,127.02,132.66,126.47,132.5,848193,137.117,0.0062,132.54,132.55,132.46,132.5,120908,0.0009,0.142547746
2023/1/11,133.3,133.55,129.265,131.98,734317,137.117,0.0054,132.035,132.09,131.91,131.98,134437,0.001,0.183077608
2023/1/12,130.74,132.67,128.7,132.04,795812,137.117,0.0058,131.985,132.22,131.945,132.04,83640,0.0006,0.1051002
2023/1/13,131.09,133.24,131.09,132.12,757366,137.117,0.0055,131.98,132.17,131.9,132.12,141378,0.001,0.186670645
2023/1/17,130.71,131.2024,127.09,129.86,989450,137.117,0.0072,129.975,130,129.85,129.86,126450,0.0009,0.127798272
2023/1/18,129.84,131.445,128.53,130.49,855042,137.117,0.0062,130.5,130.52,130.38,130.49,120268,0.0009,0.140657418
2023/1/19,131.21,133.75,129.21,132,1612911,137.117,0.0118,132.06,132.18,131.99,132,178483,0.0013,0.110658927
2023/1/20,131.43,132,130.04,131.49,1312682,137.118,0.0096,131.5,131.52,131.38,131.41,23357,0.0002,0.017793342
2023/1/23,131.86,133.8215,129.62,133.49,1273961,137.118,0.0093,133.56,133.69,133.475,133.49,285474,0.0021,0.224083783
2023/1/24,133.52,136.945,132.5829,136.85,1269698,137.118,0.0093,136.77,136.945,136.73,136.85,146443,0.0011,0.115336875
2023/1/25,136.44,138.07,135.35,138.01,733999,137.118,0.0054,137.93,138.02,137.87,138.01,27589,0.0002,0.037587245
2023/1/26,138.15,140,137.09,139.69,912995,137.118,0.0067,139.735,139.8,139.64,139.69,102361,0.0007,0.112115619
2023/1/27,139.69,141.02,138.815,140.67,869706,137.118,0.0063,140.69,140.89,140.64,140.705,229735,0.0017,0.264152484
2023/1/30,140.87,141.4299,138.09,139.98,897722,137.118,0.0065,139.1,140,139.07,139.98,199169,0.0015,0.221860442
2023/1/31,140,141.14,138.43,139.48,994312,137.118,0.0073,139.2,139.57,139.2,139.48,168996,0.0012,0.169962748
2023/2/1,139.27,139.42,134.59,139.03,1070474,137.118,0.0078,138.93,139.2,138.85,139.03,188191,0.0014,0.175801561
2023/2/2,138.52,140,135.85,139.43,888770,137.118,0.0065,139.26,139.45,139.035,139.43,188960,0.0014,0.212608436
2023/2/3,138.51,139.69,137.5,138,640059,137.118,0.0047,137.99,138.08,137.87,138,39144,0.0003,0.061156862
2023/2/6,135.46,137.565,134.59,136,567125,137.119,0.0041,135.71,136.09,135.67,136,135548,0.001,0.239009037
2023/2/7,135.88,137.515,134.71,137.44,620762,137.119,0.0045,137.4,137.515,137.32,137.44,225300,0.0016,0.362941031
2023/2/8,137.36,138.06,136.14,136.89,615846,137.119,0.0045,136.84,137.01,136.75,136.89,162223,0.0012,0.26341488
2023/2/9,137.8,138.91,134.47,135.55,907271,137.119,0.0066,135.46,135.64,135.4,135.55,115093,0.0008,0.126856254
2023/2/10,135,136.74,133.39,135.41,670183,137.119,0.0049,135.39,135.49,135.33,135.41,102580,0.0007,0.153062671
2023/2/13,134.94,139,133.38,138.9,732175,137.119,0.0053,138.88,139,138.86,138.9,92263,0.0007,0.126012224
2023/2/14,139.03,141.03,137.73,140.815,788442,137.119,0.0058,140.715,140.84,140.7,140.815,100550,0.0007,0.12752999
2023/2/15,140.34,142.74,138.62,142.05,1417668,138.243,0.0103,142.03,142.09,142,142.05,19361,0.0001,0.013656935
2023/2/16,155,163.6602,152.925,160.91,4786917,138.234,0.0346,160.7,161,160.69,160.99,39306,0.0003,0.00821113
2023/2/17,161,164.93,159.2001,162.53,1764536,138.234,0.0128,162.67,162.695,162.48,162.53,150778,0.0011,0.085449093
2023/2/21,162,163.53,156.11,156.59,1345394,138.234,0.0097,156.58,156.78,156.53,156.59,299634,0.0022,0.222710968
2023/2/22,157.71,160.79,154.745,160.79,1029665,138.234,0.0074,160.32,160.79,160.28,160.79,157331,0.0011,0.15279824
2023/2/23,161.18,162.54,158.35,162.19,1012128,138.234,0.0073,162.01,162.54,161.975,162.19,179133,0.0013,0.176986508
2023/2/24,161.24,162.56,160.34,161.37,756475,138.234,0.0055,161.21,161.42,161.21,161.42,24280,0.0002,0.032096236
2023/2/27,182.54,182.55,175.67,178.16,5814182,138.234,0.0421,177.85,178.36,177.815,178.16,235558,0.0017,0.040514384
2023/2/28,177.03,180.74,175.46,179.69,2816311,138.234,0.0204,180.21,180.3,179.49,179.69,342037,0.0025,0.12144859
2023/3/1,181.06,182.45,178,178.23,1856102,138.254,0.0134,178.18,178.235,178,178.12,28857,0.0002,0.015547098
2023/3/2,177.93,179,175.7,178.67,1330141,138.254,0.0096,178.86,178.9,178.6,178.67,129467,0.0009,0.09733329
2023/3/3,179.12,182.48,177.44,181.29,1121994,138.254,0.0081,181.31,181.41,181.2,181.29,119194,0.0009,0.10623408
2023/3/6,180.05,180.06,176.22,177.35,1123117,138.254,0.0081,177.43,177.56,177.32,177.34,27921,0.0002,0.024860277
2023/3/7,177.96,179.89,177.17,177.5,991677,138.254,0.0072,177.585,177.64,177.3,177.5,115029,0.0008,0.115994422
2023/3/8,177.51,177.51,174.72,176.36,520863,138.254,0.0038,176.35,176.46,176.22,176.36,61112,0.0004,0.117328357
2023/3/9,176.3,177.81,173.45,173.64,1222472,138.254,0.0088,173.722,173.75,173.45,173.64,438204,0.0032,0.35845729
2023/3/10,173.64,173.98,169.13,172.61,1075542,138.254,0.0078,172.48,172.76,172.47,172.61,145281,0.0011,0.135077012
2023/3/13,198.75,202.86,196.87,197.65,9337514,138.577,0.0674,197.325,197.88,197.325,197.65,264638,0.0019,0.028341377
2023/3/14,199,200.095,197.56,199.84,2766732,138.577,0.02,199.87,199.925,199.78,199.88,35519,0.0003,0.01283789
2023/3/15,199.98,200.65,199.38,199.94,2199732,138.577,0.0159,199.91,200.025,199.89,199.94,124828,0.0009,0.056746913
2023/3/16,199.9,200.78,198.59,200.48,1811027,138.589,0.0131,200.47,200.68,200.395,200.48,554851,0.004,0.306373676
2023/3/17,199.98,201.04,199.65,200.3,1768990,138.591,0.0128,200.29,200.35,200.21,200.3,21274,0.0002,0.012026071
2023/3/20,200,200.69,199.3,200.41,1069565,138.591,0.0077,200.24,200.41,200.24,200.41,18482,0.0001,0.017279922
2023/3/21,200.41,201.14,199.77,199.91,1047736,138.591,0.0076,199.9,200.07,199.87,199.91,149961,0.0011,0.143128613
2023/3/22,200.69,200.69,198.37,198.37,843396,138.591,0.0061,198.68,198.77,198.37,198.37,136073,0.001,0.161339395
2023/3/23,199.43,199.71,197.98,198.1,910906,138.591,0.0066,198.36,198.36,197.98,198.1,160726,0.0012,0.176446307
2023/3/24,198.1,198.3,196.93,197.64,791330,138.591,0.0057,197.975,197.975,197.4,197.64,99281,0.0007,0.125460933
2023/3/27,199.105,200.845,199.035,199.6,1854285,138.591,0.0134,199.38,199.77,199.12,199.6,147525,0.0011,0.079558967
2023/3/28,199.6,203.19,199.5,203.02,1263597,138.591,0.0091,203.13,203.18,203,203.02,74163,0.0005,0.058691972
2023/3/29,202.55,203.65,201.59,202.23,1279898,138.591,0.0092,202.04,202.32,202.04,202.23,277783,0.002,0.217035264
2023/3/30,203,203.61,202.68,203.08,1305003,138.591,0.0094,203.005,203.08,202.89,203.08,184833,0.0013,0.141634157
2023/3/31,203.01,204.41,201.77,202.47,1358187,138.591,0.0098,202.22,202.5,202.21,202.47,146223,0.0011,0.107660433
2023/4/3,203.41,203.5,199.75,202,1758904,138.591,0.0127,201.9,202.04,201.88,202,93023,0.0007,0.052886911
2023/4/4,202.65,205,202.38,204.89,1341838,138.591,0.0097,204.69,205,204.68,204.89,215093,0.0016,0.160297294
2023/4/5,205,206.24,204.79,205,2127699,138.583,0.0154,205,205.05,204.9,205,404617,0.0029,0.190166466
2023/4/6,205.77,206.38,204.9,205.55,2030514,138.596,0.0147,205.5,205.61,205.47,205.55,182085,0.0013,0.089674339
2023/4/10,204.52,205.05,203.49,204.7,1990048,138.595,0.0144,204.69,204.7,204.67,204.7,543901,0.0039,0.273310493
2023/4/11,205,205.5,204.46,204.98,2037613,138.595,0.0147,204.92,204.98,204.72,204.98,564005,0.0041,0.276796919
2023/4/12,205.4,205.75,205,205.2,1056000,138.595,0.0076,205.29,205.29,205.04,205.06,316266,0.0023,0.299494318
2023/4/13,205.1,207.165,205.1,206.25,1250960,138.595,0.009,206.355,206.37,206.18,206.25,134781,0.001,0.107742054
2023/4/14,205.1,206.89,204.915,205.5,2052171,138.595,0.0148,205.5,205.54,205.44,205.5,248534,0.0018,0.121107841
2023/4/17,206.35,206.35,205.1,205.4,1074422,138.595,0.0078,205.395,205.4,205.36,205.4,81837,0.0006,0.076168396
2023/4/18,205.15,205.6,204.65,205,1173962,138.77,0.0085,205.04,205.04,204.95,205,231127,0.0017,0.196877752
2023/4/19,204.76,205.405,204.68,205,1128291,138.852,0.0081,204.98,205,204.97,205,77463,0.0006,0.068655161
2023/4/20,205.31,205.45,204.14,204.29,1053645,138.852,0.0076,204.28,204.3,204.24,204.29,157597,0.0011,0.149573148
2023/4/21,204.95,205.23,203.5,203.8,1127884,138.852,0.0081,203.75,203.81,203.73,203.8,234462,0.0017,0.20787776
2023/4/24,204.5,204.5,203.16,203.27,1629949,138.852,0.0117,203.2,203.28,203.16,203.27,296549,0.0021,0.181937594
2023/4/25,203.9,203.94,202.82,203.2,1335132,139.02,0.0096,203.19,203.2,203.18,203.2,173649,0.0012,0.130061297
2023/4/26,202.53,202.975,201,201.39,1438293,139.02,0.0103,201.32,201.39,201.245,201.39,114680,0.0008,0.079733406
2023/4/27,201.4,202.14,200.5,200.76,1184194,139.067,0.0085,200.56,200.99,200.56,200.76,142787,0.001,0.120577372
2023/4/28,200.83,202,199.93,200,1663030,139.067,0.012,200.19,200.19,199.93,200,245624,0.0018,0.147696674
2023/5/1,200.18,200.44,198.93,199.16,1286696,139.067,0.0093,199.03,199.23,199.025,199.16,131616,0.0009,0.102289896
2023/5/2,199.72,200.36,199.37,199.93,1479485,139.067,0.0106,199.98,200,199.9,199.97,481183,0.0035,0.325236822
2023/5/3,200.8,200.8,198.52,198.58,1180134,141.428,0.0083,198.68,198.68,198.52,198.58,150678,0.0011,0.127678721
2023/5/4,198.54,199.42,197.82,198.5,1424672,141.451,0.0101,198.88,198.9,198.43,198.47,144670,0.001,0.10154618
2023/5/5,198.57,200.91,198.2,199.87,1642692,141.451,0.0116,199.795,199.87,199.7,199.87,257385,0.0018,0.156684881
2023/5/8,199.87,200.045,198.14,198.23,1535001,141.451,0.0109,198.315,198.39,198.15,198.23,274596,0.0019,0.178889786
2023/5/9,198.3,200.32,198.01,200,996013,141.451,0.007,200,200,199.97,200,87506,0.0006,0.087856283
2023/5/10,200.34,200.49,199.64,199.99,918698,141.451,0.0065,199.98,199.99,199.95,199.99,140534,0.001,0.152970835
2023/5/11,200.56,201,199.01,199.5,724788,141.451,0.0051,199.42,199.5,199.37,199.5,134223,0.0009,0.185189324
2023/5/12,199.5,200.18,198.07,199,1300455,141.451,0.0092,199.005,199.02,198.96,199,378111,0.0027,0.290752852
2023/5/15,199.29,200.2,199,199.55,1550663,141.451,0.011,199.52,199.56,199.28,199.55,184039,0.0013,0.118684073
2023/5/16,189.78,191.18,184.69,187.64,7070988,141.451,0.05,187.86,187.9,187.63,187.63,198390,0.0014,0.0280569
2023/5/17,191.12,194.78,190.04,193.05,3590091,141.451,0.0254,193.13,193.16,193,193.05,187778,0.0013,0.052304524
2023/5/18,192.56,195.2,192.56,194.15,2105605,141.451,0.0149,194.4,194.425,194.05,194.15,282910,0.002,0.134360433
2023/5/19,194.5,195.33,193.15,193.3,1479073,141.451,0.0105,193.305,193.32,193.15,193.3,325262,0.0023,0.219909362
2023/5/22,193.66,193.91,192.305,193.36,1431389,141.451,0.0101,193.33,193.39,193.31,193.36,280146,0.002,0.195716189
2023/5/23,193.85,197.07,193.18,196.49,1228842,141.451,0.0087,196.54,196.58,196.47,196.49,84454,0.0006,0.068726492
2023/5/24,197.27,197.86,195.23,195.42,579569,141.451,0.0041,195.42,195.56,195.42,195.42,71907,0.0005,0.124069783
2023/5/25,194.57,195.08,193.8,194.44,854439,141.451,0.006,194.435,194.44,194.37,194.44,86037,0.0006,0.10069414
2023/5/26,194.88,195.74,192.5,193.49,1264830,141.451,0.0089,193.49,193.49,193.41,193.47,306638,0.0022,0.242434161
2023/5/30,192.41,195.37,192.41,194.01,1185137,141.451,0.0084,193.995,194.03,193.99,194.01,139700,0.001,0.117876667
2023/5/31,194.95,196.38,194.32,195.7,1616930,141.451,0.0114,195.61,195.76,195.53,195.7,466273,0.0033,0.288369317
2023/6/1,195.47,196.2,194.51,194.67,977268,141.451,0.0069,194.535,194.77,194.53,194.67,184317,0.0013,0.188604354
2023/6/2,194.12,195.88,194,195.38,761949,141.451,0.0054,195.325,195.38,195.32,195.38,197850,0.0014,0.259663048
2023/6/5,194.68,196.16,194.43,195.19,1076156,141.276,0.0076,195.12,195.21,195.11,195.19,310228,0.0022,0.288274191
2023/6/6,195.61,196,194.61,195.47,606460,141.276,0.0043,195.3,195.48,195.3,195.47,81839,0.0006,0.134945421
2023/6/7,195,196.02,194.68,194.75,1214814,141.276,0.0086,194.75,194.76,194.72,194.75,328108,0.0023,0.270089084
2023/6/8,195,196,194.63,194.72,1077575,141.276,0.0076,194.78,194.79,194.66,194.72,140220,0.001,0.130125513
2023/6/9,194.43,198.66,194.01,196.6,1866883,141.276,0.0132,196.63,196.63,196.52,196.55,155195,0.0011,0.083130544
2023/6/12,197,197.952,196.75,197.15,1367260,141.276,0.0097,197.125,197.15,197.07,197.14,249772,0.0018,0.18268069
2023/6/13,198.07,198.54,196,196.25,1727363,141.276,0.0122,196.02,196.6,196.02,196.25,189560,0.0013,0.109739528
2023/6/14,198.21,198.34,195.72,196.21,1455379,141.276,0.0103,196.1,196.28,196.08,196.24,132834,0.0009,0.091271071
2023/6/15,196.4,197.56,196.29,197.54,767893,141.276,0.0054,197.5,197.56,197.47,197.54,123987,0.0009,0.161463902
2023/6/16,198.02,198.64,197.19,198.32,1571682,141.276,0.0111,198.08,198.32,198.05,198.32,408927,0.0029,0.260184312
2023/6/20,197.97,199.555,197.5,198.78,911639,141.276,0.0065,198.735,198.81,198.735,198.77,189349,0.0013,0.207701733
2023/6/21,199.09,199.53,198.43,198.63,916362,141.276,0.0065,198.665,198.725,198.62,198.63,216823,0.0015,0.236612823
2023/6/22,198.67,199.42,198.5,198.91,612482,141.276,0.0043,198.88,198.96,198.87,198.91,57485,0.0004,0.093855819
2023/6/23,198.88,199.67,198,198.22,1641924,141.276,0.0116,198.21,198.32,198.15,198.22,549575,0.0039,0.334714031
2023/6/26,198,198.4,196.43,196.54,1147610,141.276,0.0081,196.75,196.75,196.54,196.72,236805,0.0017,0.206346233
2023/6/27,198.16,198.19,195.9,196.48,1304435,141.276,0.0092,196.365,196.5,196.345,196.48,135803,0.001,0.104108675
2023/6/28,196.99,196.99,193.49,193.87,2012197,141.276,0.0142,193.73,194,193.49,193.87,159255,0.0011,0.079144835
2023/6/29,193.5,193.725,190.67,191.53,2008051,141.276,0.0142,191.25,191.65,191.25,191.53,117371,0.0008,0.058450209
2023/6/30,192.38,193.345,191.78,192.46,1358461,141.276,0.0096,192.305,192.47,192.3,192.46,197712,0.0014,0.145541168
2023/7/3,192.9,194.44,192.25,194.43,452211,141.276,0.0032,,,,,,0,0
2023/7/5,194.04,194.54,192.99,193.4,688466,141.276,0.0049,193.49,193.53,193.35,193.4,112968,0.0008,0.164086534
2023/7/6,193.11,193.33,191.68,191.9,956783,141.276,0.0068,191.91,191.97,191.86,191.9,177849,0.0013,0.185882274
2023/7/7,191.84,192.28,191.1,191.51,699967,141.276,0.005,191.765,191.77,191.5,191.51,122950,0.0009,0.175651138
2023/7/10,192.06,192.79,191.715,192.21,920138,141.276,0.0065,192.19,192.24,192.08,192.21,223610,0.0016,0.243017895
2023/7/11,192,195.89,191.66,195,1384434,141.276,0.0098,194.991,195.04,194.95,194.95,285553,0.002,0.206259742
2023/7/12,194.74,197.82,194.5,196,971803,141.276,0.0069,196,196,195.88,196,117084,0.0008,0.120481209
2023/7/13,196.19,197.29,195.81,197.15,760187,141.276,0.0054,197,197.15,196.99,197.15,86580,0.0006,0.113893029
2023/7/14,197.5,198.1,193.77,198,1321291,141.276,0.0094,197.93,198,197.92,198,62710,0.0004,0.047461157
2023/7/17,197.17,198.455,197.05,197.6,1170404,141.276,0.0083,197.54,197.6,197.52,197.6,290524,0.0021,0.248225399
2023/7/18,197.22,197.75,196.3,196.36,854684,141.276,0.006,196.46,196.48,196.36,196.36,77307,0.0005,0.090450974
2023/7/19,196.305,197.44,195.48,195.51,1200953,141.276,0.0085,195.52,195.56,195.48,195.51,115420,0.0008,0.096107008
2023/7/20,195.77,196.95,194.68,194.78,1240241,141.276,0.0088,194.795,194.8,194.68,194.78,313414,0.0022,0.252704112
2023/7/21,195.78,195.78,193.8,194.65,3278140,141.276,0.0232,194.44,194.65,194.423,194.65,867515,0.0061,0.264636349
2023/7/24,194.19,196.44,194.04,196.23,758241,141.276,0.0054,196.2,196.23,196.17,196.23,118121,0.0008,0.155782924
2023/7/25,195.54,196.34,194.02,194.13,666960,141.276,0.0047,194.07,194.14,194.02,194.13,113669,0.0008,0.170428511
2023/7/26,194.31,194.7,192.28,192.35,675647,141.276,0.0048,192.35,192.39,192.28,192.36,59208,0.0004,0.087631559
2023/7/27,192.62,193.01,191.14,191.57,1204360,141.276,0.0085,191.515,191.57,191.39,191.57,133772,0.0009,0.111073101
2023/7/28,192,193.15,191.85,192.11,813026,141.276,0.0058,192.32,192.34,192.09,192.11,193314,0.0014,0.237770994
2023/7/31,192.5,192.87,191.71,191.78,562535,141.276,0.004,191.8,191.8,191.78,191.78,107429,0.0008,0.190973006
2023/8/1,192,192.67,191.62,192.45,686747,141.276,0.0049,192.5,192.52,192.45,192.45,64405,0.0005,0.093782718
2023/8/2,192.6,193.43,191.91,192.98,701774,141.47,0.005,193.005,193.03,192.98,193.03,134806,0.001,0.192093181
2023/8/3,193.99,194.19,192.98,193.5,556634,141.47,0.0039,193.59,193.59,193.5,193.5,72150,0.0005,0.129618385
2023/8/4,193.69,194.42,193.44,193.465,634483,141.47,0.0045,193.53,193.53,193.44,193.465,62264,0.0004,0.098133441
2023/8/7,194,194.5999,193.25,193.65,965744,141.47,0.0068,193.62,193.65,193.6,193.65,177877,0.0013,0.184186492
2023/8/8,194.94,194.94,194.09,194.65,642657,141.47,0.0045,194.65,194.65,194.55,194.63,92322,0.0007,0.143656725
2023/8/9,194.82,195.595,194.8,194.85,1052917,141.47,0.0074,195.06,195.07,194.85,194.85,68141,0.0005,0.064716402
2023/8/10,194.99,196,194.83,195,1114508,141.481,0.0079,195,195,194.98,195,65068,0.0005,0.058382712
2023/8/11,194.66,195.75,194.42,194.68,624297,141.481,0.0044,194.64,194.75,194.64,194.68,86732,0.0006,0.138927466
2023/8/14,195.14,196,194.27,194.3,748216,141.481,0.0053,194.45,194.51,194.27,194.3,84625,0.0006,0.113102366
2023/8/15,194.2,195.18,194.14,194.2,669630,141.481,0.0047,194.191,194.2,194.19,194.2,94213,0.0007,0.140694115
2023/8/16,194.16,194.92,193.23,193.35,969012,141.636,0.0068,193.39,193.42,193.335,193.35,67858,0.0005,0.070028029
2023/8/17,193.29,194.16,192.83,192.9,731783,141.636,0.0052,192.91,192.99,192.88,192.9,87681,0.0006,0.119818307
2023/8/18,192.62,193.65,192.62,192.74,486660,141.54,0.0034,192.9,192.9,192.74,192.74,89255,0.0006,0.183403197
2023/8/21,192.69,194,192.69,193.3,746661,141.54,0.0053,193.27,193.3,193.25,193.3,112462,0.0008,0.150619893
2023/8/22,193.25,194.75,193.25,194.28,1148861,141.54,0.0081,194.31,194.34,194.2,194.28,117090,0.0008,0.101918335
2023/8/23,195.18,195.95,194.55,195.64,1432252,141.54,0.0101,195.64,195.69,195.57,195.62,192323,0.0014,0.134280141
2023/8/24,196,197.95,195.62,197.76,1405737,141.54,0.0099,197.77,197.95,197.76,197.76,114492,0.0008,0.081446245
2023/8/25,197.79,199.96,197.65,199.81,902755,141.54,0.0064,199.88,199.89,199.69,199.81,89624,0.0006,0.09927832
2023/8/28,209,209.39,205.97,206.26,2857731,141.54,0.0202,206.1,206.29,205.97,206.26,187153,0.0013,0.065490069
2023/8/29,206,207.67,206,206.96,2022713,141.54,0.0143,206.9,206.96,206.84,206.96,160859,0.0011,0.079526359
2023/8/30,207.31,207.82,206.76,206.85,1984335,141.543,0.014,206.835,206.85,206.76,206.85,84535,0.0006,0.042601174
2023/8/31,207,207.74,205.74,206.07,1929526,141.54,0.0136,206.05,206.4,206,206.07,386739,0.0027,0.200432127
2023/9/1,210,210.5,207.74,207.91,2119705,141.55,0.015,207.99,207.995,207.78,207.97,166561,0.0012,0.078577444
2023/9/5,208.15,208.2,207.13,207.18,1221149,141.55,0.0086,207.24,207.24,207.13,207.18,79078,0.0006,0.064757044
2023/9/6,207.1,207.38,205.73,206.1,1278419,141.55,0.009,206.18,206.22,206.03,206.1,125786,0.0009,0.098391842
2023/9/7,206.17,206.59,204.81,204.9,1268890,141.55,0.009,205.03,205.07,204.89,204.9,153571,0.0011,0.121027827
2023/9/8,205.33,205.395,203.605,204.43,1419516,141.55,0.01,204.337,204.48,204.337,204.46,82129,0.0006,0.057857044
